{"cameraMode":{"drawMode":0,"name":"Shaded","section":"Shading Mode"},"sceneLighting":true,"audioPlay":false,"sceneViewState":{"m_AlwaysRefresh":false,"showFog":true,"showSkybox":true,"showFlares":true,"showImageEffects":true,"showParticleSystems":true,"showVisualEffectGraphs":true,"m_FxEnabled":true},"in2DMode":false,"pivot":{"x":-105.66319274902344,"y":0.18298447132110597,"z":15.9967041015625},"rotation":{"x":-0.20443809032440186,"y":0.004641044419258833,"z":-0.003585719969123602,"w":-0.9793298244476318},"size":242.36410522460938,"orthographic":false}