{"cameraMode":{"drawMode":0,"name":"Shaded","section":"Shading Mode"},"sceneLighting":false,"audioPlay":false,"sceneViewState":{"m_AlwaysRefresh":false,"showFog":true,"showSkybox":false,"showFlares":true,"showImageEffects":true,"showParticleSystems":true,"showVisualEffectGraphs":true,"m_FxEnabled":true},"in2DMode":false,"pivot":{"x":-47.399993896484378,"y":0.08640003204345703,"z":129.0916290283203},"rotation":{"x":-0.012824763543903828,"y":0.9261690378189087,"z":-0.3762480914592743,"w":-0.03604043647646904},"size":239.86874389648438,"orthographic":false}